City_ID,City,Lat,Lng,Max Temp,Humidity,Cloudiness,Wind Speed,Country,Date
0,pravia,43.4906,-6.1508,11.38,76,20,2.06,ES,1667676596
1,norman wells,65.282,-126.8329,-12.98,72,75,5.66,CA,1667676596
2,atuona,-9.8,-139.0333,25.18,71,67,6.15,PF,1667676597
3,busselton,-33.65,115.3333,10.45,83,0,4.8,AU,1667676597
4,butaritari,3.0707,172.7902,26.35,73,100,4.66,KI,1667676597
5,tiksi,71.6872,128.8694,-14.43,96,100,2.61,RU,1667676598
6,noumea,-22.2763,166.4572,25.56,99,100,2.78,NC,1667676023
7,vaini,-21.2,-175.2,24.09,83,40,3.6,TO,1667676598
8,umm lajj,25.0213,37.2685,24.75,57,100,3.59,SA,1667676599
9,dikson,73.5069,80.5464,-6.16,96,99,2.25,RU,1667676599
10,batagay-alyta,67.8006,130.4114,-20.92,99,100,0.99,RU,1667676600
11,bethel,41.3712,-73.414,24.8,62,40,6.69,US,1667676600
12,darhan,49.4867,105.9228,-2.91,65,0,1.26,MN,1667676600
13,ancud,-41.8697,-73.8203,12.17,82,99,5.27,CL,1667676601
14,nikolskoye,59.7035,30.7861,-0.05,79,100,3.96,RU,1667676601
15,avarua,-21.2078,-159.775,24.03,69,20,4.63,CK,1667676602
16,kamenka,51.3223,42.7678,1.19,81,100,3.05,RU,1667676602
17,albany,42.6001,-73.9662,23.62,64,98,1.34,US,1667676450
18,barrow,71.2906,-156.7887,-10.99,85,100,4.12,US,1667676369
19,fortuna,40.5982,-124.1573,13.14,92,100,0.45,US,1667676603
20,hermanus,-34.4187,19.2345,18.78,83,99,4.96,ZA,1667676604
21,severo-kurilsk,50.6789,156.125,2.85,71,27,4.69,RU,1667676604
22,longyearbyen,78.2186,15.6401,0.91,75,75,7.2,SJ,1667676604
23,bria,6.5423,21.9863,22.75,66,6,1.03,CF,1667676605
24,songjianghe,42.1859,127.479,-3.7,75,1,2.03,CN,1667676605
25,tura,25.5198,90.2201,18.66,88,0,1.38,IN,1667676606
26,starchiojd,45.3167,26.1833,14.05,91,100,3.43,RO,1667676606
27,georgetown,5.4112,100.3354,26.8,90,20,0.0,MY,1667676607
28,beringovskiy,63.05,179.3167,2.99,95,100,13.73,RU,1667676607
29,ilulissat,69.2167,-51.1,-4.99,86,75,1.54,GL,1667676608
30,povenets,62.8487,34.8262,-1.95,94,81,3.44,RU,1667676608
31,geraldton,-28.7667,114.6,18.23,88,0,5.14,AU,1667676609
32,bredasdorp,-34.5322,20.0403,16.5,92,100,1.89,ZA,1667676609
33,tuktoyaktuk,69.4541,-133.0374,-15.0,78,100,9.77,CA,1667676610
34,lompoc,34.6391,-120.4579,23.9,41,0,7.2,US,1667676610
35,arraial do cabo,-22.9661,-42.0278,23.92,57,20,5.66,BR,1667676610
36,nantucket,41.2835,-70.0995,21.06,82,0,5.66,US,1667676604
37,kyra,49.5776,111.9753,-6.13,79,15,1.89,RU,1667676611
38,las vegas,36.175,-115.1372,16.8,26,0,3.09,US,1667676183
39,alekseyevskaya,50.2896,42.1845,2.67,86,100,2.68,RU,1667676611
40,sur,22.5667,59.5289,26.2,64,94,3.83,OM,1667676612
41,yellowknife,62.456,-114.3525,-13.71,72,100,7.72,CA,1667676612
42,karratha,-20.7377,116.8463,23.25,45,6,5.68,AU,1667676612
43,traverse city,44.7631,-85.6206,18.04,80,100,7.2,US,1667676597
44,ushuaia,-54.8,-68.3,18.81,39,0,2.57,AR,1667676613
45,kurumkan,54.3,110.3,-5.8,86,52,1.53,RU,1667676613
46,cidreira,-30.1811,-50.2056,18.95,68,0,5.65,BR,1667676614
47,jamestown,42.097,-79.2353,25.77,57,20,5.66,US,1667676614
48,kodiak,57.79,-152.4072,-2.27,46,0,7.72,US,1667676615
49,remontnoye,46.5614,43.6501,4.49,74,99,3.33,RU,1667676615
50,pevek,69.7008,170.3133,-6.37,82,100,6.0,RU,1667676615
51,muroto,33.2833,134.15,16.36,69,79,5.52,JP,1667676616
52,robertsport,6.7533,-11.3686,26.74,82,68,4.09,LR,1667676616
53,punta arenas,-53.15,-70.9167,18.95,42,27,3.06,CL,1667676617
54,rikitea,-23.1203,-134.9692,21.49,73,98,7.48,PF,1667676617
55,bubaque,11.2833,-15.8333,28.71,60,100,3.31,GW,1667676618
56,isangel,-19.55,169.2667,25.06,83,14,2.06,VU,1667676618
57,pelotas,-31.7719,-52.3425,23.01,56,75,9.26,BR,1667676602
58,ostrovnoy,68.0531,39.5131,1.4,95,100,4.98,RU,1667676618
59,serafimovich,49.5786,42.736,3.12,88,100,2.72,RU,1667676619
60,hobart,-42.8794,147.3294,10.7,95,65,3.6,AU,1667676619
61,arman,59.7,150.1667,-4.99,95,100,3.04,RU,1667676619
62,bluff,-46.6,168.3333,9.8,68,100,4.96,NZ,1667676620
63,biak,-0.9131,122.8766,24.89,80,100,1.62,ID,1667676620
64,rio gallegos,-51.6226,-69.2181,22.03,14,0,12.35,AR,1667676621
65,massaguet,12.4755,15.4365,25.52,19,2,3.66,TD,1667676621
66,kapaa,22.0752,-159.319,26.99,81,0,8.23,US,1667676622
67,khatanga,71.9667,102.5,-29.92,100,91,2.43,RU,1667676622
68,wolgast,54.05,13.7667,7.07,84,28,5.21,DE,1667676623
69,ntungamo,-0.8833,29.65,18.21,99,100,1.06,UG,1667676623
70,zheleznodorozhnyy,55.7503,38.0042,1.23,77,100,0.78,RU,1667676623
71,morondava,-20.2833,44.2833,26.17,79,18,2.66,MG,1667676624
72,puerto ayora,-0.7393,-90.3518,26.98,70,100,5.43,EC,1667676624
73,talnakh,69.4865,88.3972,-4.33,96,100,4.55,RU,1667676625
74,dargaville,-35.9333,173.8833,15.1,68,100,2.04,NZ,1667676625
75,saint george,37.1041,-113.5841,13.3,33,20,0.89,US,1667676570
76,bereda,43.2686,-7.5406,11.99,100,100,1.31,ES,1667676625
77,cape town,-33.9258,18.4232,18.39,79,20,7.72,ZA,1667676622
78,oranjestad,12.524,-70.027,26.97,87,20,3.09,AW,1667676626
79,hasaki,35.7333,140.8333,10.12,59,98,7.97,JP,1667676626
80,gayny,60.3071,54.3241,-6.88,96,38,2.16,RU,1667676627
81,cherskiy,68.75,161.3,-7.69,91,100,4.83,RU,1667676627
82,berasia,23.6333,77.4333,21.26,44,3,0.83,IN,1667676628
83,beloha,-25.1667,45.05,24.54,67,100,3.98,MG,1667676628
84,hithadhoo,-0.6,73.0833,27.36,74,100,4.04,MV,1667676629
85,kutum,14.2,24.6667,22.1,21,0,2.58,SD,1667676629
86,aklavik,68.2191,-135.0107,-14.1,83,52,6.57,CA,1667676630
87,port alfred,-33.5906,26.891,16.77,91,31,1.39,ZA,1667676630
88,platanos,37.6667,21.6167,16.16,86,100,6.4,GR,1667676631
89,tomatlan,19.9333,-105.25,30.66,47,0,2.14,MX,1667676631
90,hunchun,42.8675,130.3581,-1.54,64,0,1.41,CN,1667676631
91,carnarvon,-24.8667,113.6333,18.43,76,0,8.03,AU,1667676632
92,iqaluit,63.7506,-68.5145,-8.15,73,100,1.03,CA,1667676632
93,araouane,18.9048,-3.5265,27.41,16,0,3.37,ML,1667676632
94,emsdetten,52.1833,7.5333,10.08,82,0,3.09,DE,1667676633
95,khani,41.9563,42.9566,7.76,91,96,0.69,GE,1667676633
96,varzea da palma,-17.5981,-44.7308,24.69,52,94,1.24,BR,1667676633
97,kulevcha,46.0303,29.9361,12.94,69,100,7.3,UA,1667676634
98,la romana,18.4273,-68.9728,24.2,94,75,3.09,DO,1667676634
99,bambous virieux,-20.3428,57.7575,23.45,83,40,3.09,MU,1667676635
100,namibe,-15.1961,12.1522,19.53,81,5,3.38,AO,1667676635
101,kavieng,-2.5744,150.7967,27.86,78,54,3.17,PG,1667676635
102,zapolyarnyy,69.4154,30.8136,2.6,91,100,7.61,RU,1667676362
103,kpandu,6.9954,0.2931,25.63,81,100,3.51,GH,1667676636
104,malanje,-9.5402,16.341,18.18,97,100,2.62,AO,1667676636
105,dekar,-21.5333,21.9333,29.22,30,91,1.53,BW,1667676637
106,hilo,19.7297,-155.09,27.01,92,100,3.09,US,1667676637
107,bestobe,52.4994,73.0975,-1.48,68,75,9.73,KZ,1667676637
108,lagoa,39.05,-27.9833,17.6,64,100,5.87,PT,1667676430
109,victoria,22.2855,114.1577,20.74,88,87,4.02,HK,1667676417
110,ginir,7.1333,40.7,13.37,79,8,2.49,ET,1667676638
111,salalah,17.0151,54.0924,28.05,78,75,1.54,OM,1667676638
112,agadez,19.75,10.25,21.45,19,100,2.94,NE,1667676638
113,ossora,59.2353,163.0719,-1.46,92,94,1.73,RU,1667676639
114,nisporeni,47.0814,28.1783,13.06,81,100,6.85,MD,1667676639
115,sitka,57.0531,-135.33,3.94,56,40,2.57,US,1667676640
116,mataura,-46.1927,168.8643,9.66,61,30,1.2,NZ,1667676640
117,keetmanshoop,-26.5833,18.1333,24.76,13,0,2.79,NA,1667676640
118,shenjiamen,29.9576,122.298,15.17,63,99,3.37,CN,1667676641
119,uthal,25.8072,66.6219,24.9,64,100,2.18,PK,1667676641
120,hervey bay,-25.2986,152.8535,19.29,76,68,5.56,AU,1667676614
121,gigmoto,13.7796,124.39,26.64,87,96,3.04,PH,1667676642
122,bandarbeyla,9.4942,50.8122,26.0,66,4,4.45,SO,1667676642
123,costinesti,43.95,28.6333,16.35,88,100,6.26,RO,1667676642
124,chuy,-33.6971,-53.4616,18.08,66,11,5.98,UY,1667676643
125,aksu,41.1231,80.2644,9.09,36,100,0.5,CN,1667676643
126,nanortalik,60.1432,-45.2371,1.51,89,100,3.23,GL,1667676644
127,souillac,-20.5167,57.5167,23.21,83,40,3.09,MU,1667676644
128,san isidro,-12.1167,-77.05,19.77,60,75,4.63,PE,1667676645
129,lensk,60.7253,114.9278,-6.73,81,100,5.69,RU,1667676645
130,vila franca do campo,37.7167,-25.4333,17.23,78,100,3.07,PT,1667676645
131,kidal,18.4411,1.4078,26.03,14,0,5.23,ML,1667676646
132,benicarlo,40.4165,0.4271,17.17,44,3,2.19,ES,1667676646
133,east london,-33.0153,27.9116,19.84,72,25,1.39,ZA,1667676647
134,saskylakh,71.9167,114.0833,-27.36,100,100,1.2,RU,1667676647
135,le port,-20.9373,55.2919,26.05,100,12,1.53,RE,1667676648
136,dawlatabad,36.4141,64.9053,14.51,69,75,1.1,AF,1667676648
137,haines junction,60.7522,-137.5108,-11.03,52,100,1.03,CA,1667676649
138,santa maria,-29.6842,-53.8069,24.61,33,0,7.72,BR,1667676649
139,qaanaaq,77.484,-69.3632,-14.88,69,99,4.58,GL,1667676649
140,daru,-9.0763,143.2092,26.82,84,77,5.24,PG,1667676650
141,katsuura,35.1333,140.3,15.24,74,100,7.09,JP,1667676650
142,port-gentil,-0.7193,8.7815,26.98,89,40,4.63,GA,1667676650
143,shibetsu,43.659,145.132,3.04,76,15,2.91,JP,1667676651
144,urumqi,43.801,87.6005,4.53,70,100,1.0,CN,1667676651
145,rawson,-43.3002,-65.1023,32.16,17,0,14.92,AR,1667676652
146,nalut,30.3333,10.85,15.38,33,0,4.44,LY,1667676652
147,srednekolymsk,67.45,153.6833,-18.16,97,100,6.69,RU,1667676652
148,gravdal,68.1214,13.5031,7.06,79,100,2.56,NO,1667676653
149,upernavik,72.7868,-56.1549,-10.2,73,47,2.99,GL,1667676653
150,narathiwat,6.3333,101.75,23.81,94,100,1.07,TH,1667676653
151,harper,4.375,-7.7169,25.62,85,75,3.07,LR,1667676654
152,lebu,-37.6167,-73.65,14.12,70,1,3.28,CL,1667676654
153,chokurdakh,70.6333,147.9167,-13.69,96,100,0.84,RU,1667676654
154,acarau,-2.8856,-40.12,27.61,71,96,7.02,BR,1667676655
155,sao felix do xingu,-6.6447,-51.995,28.63,68,54,0.78,BR,1667676655
156,concepcion del oro,24.6333,-101.4167,22.1,16,0,2.76,MX,1667676656
157,ixtapa,20.7,-105.2,28.46,65,0,4.63,MX,1667676598
158,saldanha,-33.0117,17.9442,18.03,87,67,9.46,ZA,1667676362
159,buala,-8.145,159.5921,26.63,83,100,1.98,SB,1667676656
160,amga,60.8953,131.9608,-13.55,97,100,1.59,RU,1667676656
161,baykit,61.67,96.37,-11.93,100,98,0.54,RU,1667676657
162,thompson,55.7435,-97.8558,-2.91,93,100,2.57,CA,1667676657
163,pisco,-13.7,-76.2167,20.03,68,0,3.6,PE,1667676658
164,komsomolskiy,40.4272,71.7189,9.4,93,97,3.09,UZ,1667676658
165,airai,-8.9266,125.4092,15.41,80,80,1.18,TL,1667676658
166,provideniya,64.3833,-173.3,-4.76,96,100,4.85,RU,1667676659
167,te anau,-45.4167,167.7167,4.37,87,33,0.39,NZ,1667676423
168,tilichiki,60.4667,166.1,-1.92,92,73,2.04,RU,1667676659
169,luba,3.4568,8.5547,25.94,82,100,3.11,GQ,1667676660
170,klaksvik,62.2266,-6.589,5.51,66,100,3.87,FO,1667676660
171,padra,22.2333,73.0833,24.97,38,2,1.79,IN,1667676660
172,vilhena,-12.7406,-60.1458,30.12,32,20,3.09,BR,1667676661
173,abilene,32.4487,-99.7331,20.43,22,0,8.23,US,1667676384
174,oranjemund,-28.55,16.4333,16.24,95,2,3.23,NA,1667676661
175,manacapuru,-3.2997,-60.6206,30.83,52,100,1.55,BR,1667676662
176,diu,20.7141,70.9822,25.91,45,5,2.08,IN,1667676662
177,luderitz,-26.6481,15.1594,16.66,82,33,2.75,NA,1667676662
178,karasburg,-28.0167,18.75,23.13,20,0,2.82,NA,1667676663
179,chichihualco,17.6833,-99.65,25.87,60,11,1.27,MX,1667676663
180,sapa,5.1544,120.3241,26.87,81,100,1.5,PH,1667676664
181,lata,40.1629,-8.3327,11.71,76,10,0.27,PT,1667676664
182,yar-sale,66.8333,70.8333,-9.47,85,100,2.47,RU,1667676664
183,san vicente,-26.6167,-54.1333,21.49,52,83,1.94,AR,1667676665
184,faanui,-16.4833,-151.75,24.8,93,100,12.82,PF,1667676665
185,ponta do sol,32.6667,-17.1,22.06,89,38,1.6,PT,1667676666
186,mao,39.8885,4.2658,14.31,62,0,2.57,ES,1667676666
187,dalby,-27.1833,151.2667,11.1,96,0,4.3,AU,1667676667
188,villa del rosario,7.8339,-72.4742,28.21,54,75,6.69,CO,1667676667
189,port augusta,-32.5,137.7667,17.65,42,62,2.14,AU,1667676668
190,northampton,40.8754,-75.2499,23.91,67,100,0.89,US,1667676668
191,castro,-24.7911,-50.0119,17.25,61,59,2.09,BR,1667676669
192,new norfolk,-42.7826,147.0587,10.5,82,66,1.06,AU,1667676669
193,hambantota,6.1241,81.1185,24.13,90,100,2.36,LK,1667676669
194,byron bay,-28.65,153.6167,14.98,86,40,3.78,AU,1667676670
195,margate,51.3813,1.3862,13.5,89,100,4.02,GB,1667676494
196,shingu,33.7333,135.9833,11.25,76,25,2.58,JP,1667676670
197,mahebourg,-20.4081,57.7,23.47,83,40,3.09,MU,1667676487
198,deputatskiy,69.3,139.9,-21.86,95,100,2.83,RU,1667676671
199,mikhaylovka,50.06,43.2379,3.21,85,100,3.1,RU,1667676672
200,cabo san lucas,22.8909,-109.9124,28.67,57,0,4.63,MX,1667676587
201,makakilo city,21.3469,-158.0858,27.18,66,0,4.12,US,1667676672
202,bengkulu,-3.8004,102.2655,23.85,88,100,1.03,ID,1667676672
203,port moresby,-9.4431,147.1797,24.68,88,75,1.54,PG,1667676673
204,oistins,13.0667,-59.5333,29.05,74,40,9.26,BB,1667676673
205,kruisfontein,-34.0033,24.7314,19.38,92,85,1.13,ZA,1667676673
206,wajima,37.4,136.9,11.81,56,7,2.73,JP,1667676674
207,athabasca,54.7169,-113.2854,-5.82,66,100,7.39,CA,1667676674
208,chipinge,-20.1883,32.6236,18.21,92,100,1.41,ZW,1667676675
209,killybegs,54.6333,-8.45,10.84,85,94,9.13,IE,1667676675
210,taoudenni,22.6783,-3.9836,26.82,12,0,5.6,ML,1667676675
211,havoysund,70.9963,24.6622,5.13,84,100,3.33,NO,1667676676
212,strezhevoy,60.7333,77.5889,-6.13,96,28,2.73,RU,1667676676
213,touros,-5.1989,-35.4608,27.28,72,100,7.26,BR,1667676507
214,le havre,49.4938,0.1077,12.51,87,100,6.17,FR,1667676536
215,seddon,-37.8068,144.8916,15.98,85,0,6.17,AU,1667676677
216,prieska,-29.6641,22.7474,24.29,24,1,2.33,ZA,1667676678
217,eyl,7.9803,49.8164,26.02,75,33,4.59,SO,1667676678
218,kaeo,-35.1,173.7833,12.96,93,100,2.84,NZ,1667676678
219,rosetta,31.4044,30.4164,20.11,55,0,1.32,EG,1667676679
220,prince rupert,54.3161,-130.3201,3.83,88,0,8.75,CA,1667676613
221,santa marta,11.2408,-74.199,26.03,82,100,7.2,CO,1667676679
222,tahoua,14.8888,5.2692,27.99,23,0,3.09,NE,1667676680
223,villaviciosa,43.4813,-5.4357,13.31,100,97,1.87,ES,1667676680
224,pangnirtung,66.1451,-65.7125,-9.0,62,100,1.54,CA,1667676680
225,khorixas,-20.3667,14.9667,22.26,32,100,3.95,NA,1667676681
226,clyde river,70.4692,-68.5914,-12.87,72,0,8.75,CA,1667676681
227,antalaha,-14.9003,50.2788,20.99,91,41,1.54,MG,1667676682
228,palana,59.1167,159.9667,-7.15,79,71,4.05,RU,1667676682
229,verkhoyansk,67.5447,133.385,-26.24,99,96,1.37,RU,1667676682
230,sao joao da barra,-21.6403,-41.0511,24.05,66,0,7.49,BR,1667676683
231,goderich,43.7501,-81.7165,22.73,53,100,10.8,CA,1667676683
232,bukene,-4.2333,32.8833,22.65,61,100,2.34,TZ,1667676683
233,ribeira grande,38.5167,-28.7,17.22,67,20,3.6,PT,1667676684
234,marawi,7.9986,124.2928,20.17,95,100,0.76,PH,1667676684
235,deyang,31.1302,104.382,15.82,80,97,0.77,CN,1667676685
236,megion,61.0296,76.1136,-0.99,94,56,3.33,RU,1667676685
237,port lincoln,-34.7333,135.8667,16.47,67,98,2.87,AU,1667676629
238,nhulunbuy,-12.2333,136.7667,27.34,89,33,3.6,AU,1667676685
239,petauke,-14.2426,31.3253,23.92,55,20,4.44,ZM,1667676686
240,beihai,21.4833,109.1,19.71,83,100,3.82,CN,1667676686
241,honningsvag,70.9821,25.9704,4.86,81,75,7.72,NO,1667676687
242,ugoofaaru,5.6667,73.0,27.29,71,100,0.45,MV,1667676687
243,westport,41.1415,-73.3579,25.49,68,75,5.14,US,1667676620
244,bograd,54.2344,90.8328,0.41,76,100,1.32,RU,1667676687
245,dingle,10.9995,122.6711,24.15,93,81,2.85,PH,1667676688
246,hun,29.1268,15.9477,21.59,23,0,4.55,LY,1667676688
247,panama city,8.9936,-79.5197,29.05,76,40,8.75,PA,1667676689
248,kresek,-6.1314,106.3797,24.98,89,100,3.28,ID,1667676689
249,broome,42.2506,-75.833,21.96,73,100,4.92,US,1667676689
250,sembe,1.6481,14.5806,21.43,96,83,0.12,CG,1667676690
251,bowen,-20.0167,148.2333,23.89,60,0,8.82,AU,1667676690
252,soyo,-6.1349,12.3689,24.77,87,100,1.85,AO,1667676691
253,rundu,-17.9333,19.7667,24.67,51,97,2.37,NA,1667676691
254,anito,12.4497,125.2886,26.15,90,94,3.4,PH,1667676692
255,ulaanbaatar,47.9077,106.8832,-17.93,85,0,0.0,MN,1667676692
256,kieta,-6.2167,155.6333,26.22,84,96,2.14,PG,1667676692
257,hami,42.8,93.45,7.09,31,100,3.01,CN,1667676693
258,maniitsoq,65.4167,-52.9,-2.8,82,100,7.56,GL,1667676693
259,saint-philippe,-21.3585,55.7679,21.77,79,5,2.94,RE,1667676693
260,bani walid,31.7566,13.9942,17.14,50,0,3.83,LY,1667676694
261,ponta delgada,37.7333,-25.6667,17.4,77,20,3.09,PT,1667676694
262,ola,59.5833,151.2833,-4.92,84,100,4.02,RU,1667676695
263,atambua,-9.1061,124.8925,23.76,85,97,1.89,ID,1667676695
264,sheltozero,61.3667,35.3667,-2.56,93,39,3.02,RU,1667676696
265,kampong chhnang,12.1667,104.55,23.32,95,100,0.86,KH,1667676696
266,nizwa,22.9333,57.5333,23.33,37,97,1.12,OM,1667676696
267,todos santos,23.45,-110.2167,28.91,58,0,3.49,MX,1667676697
268,sobolevo,54.4299,31.8996,-1.26,86,84,3.59,RU,1667676697
269,lavrentiya,65.5833,-171.0,-6.43,78,100,3.54,RU,1667676698
270,matveyevka,52.15,56.1833,-2.88,97,100,1.3,RU,1667676698
271,camacha,33.0833,-16.3333,18.68,77,40,3.6,PT,1667676699
272,talaya,61.3833,152.75,-24.5,99,100,1.11,RU,1667676699
273,fuyang,32.9,115.8167,10.11,52,6,3.49,CN,1667676699
274,yeppoon,-23.1333,150.7333,16.88,75,33,6.1,AU,1667676700
275,zhigansk,66.7697,123.3711,-27.22,100,81,2.59,RU,1667676700
276,phan thiet,10.9333,108.1,23.2,90,98,1.06,VN,1667676470
277,pleasanton,37.6624,-121.8747,19.21,79,100,3.09,US,1667676647
278,caravelas,-17.7125,-39.2481,23.33,66,1,5.97,BR,1667676701
279,takoradi,4.8845,-1.7554,26.13,82,99,3.2,GH,1667676545
280,vardo,70.3705,31.1107,4.99,81,100,5.14,NO,1667676701
281,krasnoarmeysk,51.0239,45.6969,1.47,96,100,3.14,RU,1667676701
282,riyadh,24.6877,46.7219,24.08,50,54,6.9,SA,1667676702
283,tianpeng,30.9866,103.9393,15.26,80,96,0.95,CN,1667676702
284,isla vista,34.4133,-119.861,24.03,55,0,3.09,US,1667676703
285,kailua,21.4022,-157.7394,27.99,77,100,1.79,US,1667676703
286,ranot,7.7777,100.3213,25.08,92,100,3.67,TH,1667676703
287,timbiras,-4.2553,-43.9406,25.69,87,100,1.43,BR,1667676704
288,sept-iles,50.2001,-66.3821,14.29,86,100,2.06,CA,1667676471
289,riviere-au-renard,48.9957,-64.3971,22.16,83,100,2.58,CA,1667676704
290,kaitangata,-46.2817,169.8464,9.47,63,80,2.89,NZ,1667676704
291,cap malheureux,-19.9842,57.6142,23.59,74,0,0.89,MU,1667676705
292,rio grande,-32.035,-52.0986,23.06,72,2,6.51,BR,1667676705
293,puerto escondido,15.85,-97.0667,29.91,69,40,5.95,MX,1667676705
294,tasiilaq,65.6145,-37.6368,0.09,91,100,3.33,GL,1667676706
295,buluang,13.3068,123.3425,25.02,90,61,1.24,PH,1667676706
296,smithers,54.7804,-127.1743,-1.82,93,100,2.06,CA,1667676707
297,coihaique,-45.5752,-72.0662,23.14,39,100,3.08,CL,1667676707
298,san pedro de macoris,18.4616,-69.2972,28.07,84,73,5.65,DO,1667676639
299,huarmey,-10.0681,-78.1522,20.53,69,3,4.69,PE,1667676707
300,praia da vitoria,38.7333,-27.0667,17.14,82,20,4.93,PT,1667676708
301,necochea,-38.5473,-58.7368,23.45,40,72,5.83,AR,1667676709
302,prabumulih,-3.45,104.25,22.73,99,100,1.03,ID,1667676709
303,palora,-1.7,-77.9333,26.06,69,95,0.52,EC,1667676709
304,bertoua,4.5833,13.6833,19.97,77,100,0.76,CM,1667676710
305,turukhansk,65.8167,87.9833,-6.05,96,100,3.46,RU,1667676710
306,pauini,-7.7136,-66.9764,35.19,18,12,0.88,BR,1667676710
307,vila,42.0304,-8.1588,8.49,84,100,1.59,PT,1667676711
308,portland,45.5234,-122.6762,10.99,85,75,5.14,US,1667676461
309,polson,47.6936,-114.1632,4.29,52,49,5.81,US,1667676711
310,marathon,44.9,-89.7668,6.74,91,100,4.12,US,1667676712
311,labytnangi,66.6572,66.4183,-9.12,90,100,2.24,RU,1667676712
312,berlevag,70.8578,29.0864,3.97,81,100,6.17,NO,1667676712
313,nusaybin,37.0778,41.2178,16.57,40,1,1.37,TR,1667676713
314,inirida,3.8653,-67.9239,28.12,68,98,0.25,CO,1667676713
315,yulara,-25.2406,130.9889,20.12,24,2,4.71,AU,1667676714
316,phayakkhaphum phisai,15.5163,103.1937,20.01,81,24,3.35,TH,1667676714
317,susurluk,39.9136,28.1578,16.02,33,5,2.31,TR,1667676714
318,mitu,1.1983,-70.1733,28.16,66,100,1.08,CO,1667676715
319,yumbe,3.4651,31.2469,19.57,91,99,1.99,UG,1667676715
320,belle fourche,44.6714,-103.8522,15.58,32,100,10.58,US,1667676715
321,sakaiminato,35.55,133.2333,8.99,100,75,2.06,JP,1667676716
322,bathsheba,13.2167,-59.5167,29.34,74,40,9.26,BB,1667676716
323,muros,42.7762,-9.0603,15.05,89,100,4.98,ES,1667676716
324,rosarito,32.3333,-117.0333,22.49,42,28,3.58,MX,1667676717
325,revyakino,54.3669,37.6589,-1.92,92,65,0.97,RU,1667676717
326,leningradskiy,69.3833,178.4167,-10.49,84,100,7.09,RU,1667676718
327,sabang,5.8933,95.3214,26.97,74,98,3.57,ID,1667676718
328,kenai,60.5544,-151.2583,-3.81,58,0,12.35,US,1667676718
329,christchurch,-43.5333,172.6333,11.85,73,100,3.6,NZ,1667676564
330,usakos,-22.0,15.6,22.03,22,87,4.35,NA,1667676719
331,qandala,11.472,49.8728,26.1,68,6,1.87,SO,1667676719
332,berdigestyakh,62.0989,126.6992,-13.46,97,100,2.04,RU,1667676720
333,panaba,21.2833,-88.2667,32.94,41,100,3.27,MX,1667676720
334,kalemie,-5.9475,29.1947,21.86,82,100,2.92,CD,1667676721
335,hamilton,39.1834,-84.5333,24.48,53,100,11.83,US,1667676570
336,marignane,43.416,5.2145,12.06,62,75,9.77,FR,1667676436
337,nouadhibou,20.931,-17.0347,24.99,53,0,4.63,MR,1667676721
338,cayenne,4.9333,-52.3333,28.02,83,75,2.06,GF,1667676608
339,tessalit,20.1986,1.0114,25.59,15,0,4.17,ML,1667676722
340,esperance,-33.8667,121.9,12.28,80,6,5.12,AU,1667676661
341,lakatoro,-16.0999,167.4164,27.49,75,11,3.38,VU,1667676722
342,winnemucca,40.973,-117.7357,12.03,47,100,9.77,US,1667676538
343,warsaw,52.2298,21.0118,9.88,94,75,4.63,PL,1667676456
344,indramayu,-6.3264,108.32,26.43,81,100,2.51,ID,1667676723
345,carutapera,-1.195,-46.02,27.72,71,90,3.4,BR,1667676723
346,avera,33.194,-82.5271,26.88,65,100,4.78,US,1667676724
347,beruwala,6.4788,79.9828,23.86,92,100,1.21,LK,1667676724
348,mar del plata,-38.0023,-57.5575,23.79,76,0,8.75,AR,1667676724
349,coahuayana,18.7333,-103.6833,29.58,65,73,2.01,MX,1667676725
350,zima,53.9202,102.0442,-4.96,97,68,1.17,RU,1667676725
351,auki,-8.7676,160.7034,25.98,85,80,1.01,SB,1667676726
352,nishihara,26.1842,127.7558,20.6,64,100,5.14,JP,1667676726
353,svetlyy,54.675,20.1347,9.03,87,100,4.68,RU,1667676727
354,bhatkal,13.9667,74.5667,25.53,76,56,2.19,IN,1667676727
355,upata,8.0086,-62.3989,29.55,72,90,1.53,VE,1667676728
356,jalalabad,34.4265,70.4515,16.98,70,11,1.11,AF,1667676728
357,mumford,5.2618,-0.759,26.18,83,89,3.73,GH,1667676728
358,san patricio,28.017,-97.5169,25.1,35,5,4.08,US,1667676729
359,elliot,-31.3333,27.85,13.23,94,97,1.84,ZA,1667676729
360,dunedin,-45.8742,170.5036,11.56,62,8,2.09,NZ,1667676729
361,matagami,49.7502,-77.6328,2.06,100,100,2.57,CA,1667676730
362,itarema,-2.9248,-39.9167,27.34,73,100,6.5,BR,1667676730
363,narsaq,60.9167,-46.05,1.12,93,100,3.21,GL,1667676731
364,chitipa,-9.7024,33.2697,20.49,55,34,1.78,MW,1667676731
365,charters towers,-20.1,146.2667,19.18,73,6,4.26,AU,1667676732
366,halifax,44.6453,-63.5724,21.96,75,100,5.66,CA,1667676489
367,baft,29.234,56.6057,9.84,62,55,1.29,IR,1667676732
368,peniche,39.3558,-9.3811,14.14,89,9,2.67,PT,1667676733
369,la rioja,42.25,-2.5,5.88,48,100,2.36,ES,1667676586
370,karimganj,24.8667,92.35,20.22,89,0,1.38,IN,1667676733
371,anadyr,64.75,177.4833,2.28,93,100,15.0,RU,1667676734
372,pocatello,42.8713,-112.4455,7.95,77,100,12.86,US,1667676734
373,lasem,-6.6922,111.4527,25.97,86,100,1.42,ID,1667676734
374,bima,-8.4667,118.7167,25.18,92,100,1.52,ID,1667676735
375,hofn,64.2539,-15.2082,4.9,71,100,6.95,IS,1667676735
376,erenhot,43.6475,111.9767,1.24,31,99,1.2,CN,1667676735
377,yining,29.0361,114.5636,11.26,72,98,0.45,CN,1667676736
378,point pleasant,40.0832,-74.0682,27.19,70,20,4.63,US,1667676736
379,zaraza,9.3503,-65.3245,28.06,64,96,2.59,VE,1667676737
380,gossaigaon,26.4481,89.989,18.14,76,0,1.96,IN,1667676737
381,olafsvik,64.8945,-23.7142,4.89,62,100,5.03,IS,1667676737
382,pacific grove,36.6177,-121.9166,17.99,79,0,2.24,US,1667676481
383,manta,-0.95,-80.7333,25.88,57,20,6.17,EC,1667676738
384,marystown,47.1666,-55.1483,11.71,86,94,7.37,CA,1667676738
385,port hardy,50.6996,-127.4199,3.1,93,100,4.12,CA,1667676738
386,kapoeta,4.7717,33.5903,28.04,43,100,2.27,SS,1667676739
387,ratnagiri,16.9833,73.3,26.63,61,68,2.16,IN,1667676178
388,nanaimo,49.1663,-123.936,9.16,77,20,3.6,CA,1667676724
389,poronaysk,49.2167,143.1167,-1.97,69,64,6.12,RU,1667676739
390,sungaipenuh,-2.0833,101.3833,17.52,96,99,0.48,ID,1667676740
391,alice springs,-23.7,133.8833,11.75,40,0,0.0,AU,1667676687
392,mazagao,-0.115,-51.2894,29.03,79,98,0.92,BR,1667676740
393,praya,14.9215,-23.5087,27.3,57,0,6.69,CV,1667676741
394,grindavik,63.8424,-22.4338,5.97,65,0,4.63,IS,1667676741
395,porto novo,6.4965,2.6036,27.9,82,100,2.89,BJ,1667676741
396,torbay,47.6666,-52.7314,14.86,76,75,11.32,CA,1667676742
397,shitanjing,39.2342,106.3439,3.69,48,0,3.38,CN,1667676742
398,mananjary,-21.2167,48.3333,22.11,92,28,3.58,MG,1667676743
399,sinnamary,5.3833,-52.95,27.0,79,68,3.13,GF,1667676743
400,alugan,12.2188,125.4808,26.86,85,95,4.41,PH,1667676743
401,pangai,-19.8,-174.35,24.84,71,44,7.64,TO,1667676744
402,jumla,29.2747,82.1838,6.28,86,4,1.77,NP,1667676744
403,praia,14.9215,-23.5087,27.3,57,0,6.69,CV,1667676744
404,comodoro rivadavia,-45.8667,-67.5,17.92,55,0,3.09,AR,1667676634
405,santa rosa,14.3122,121.1114,25.99,95,82,2.27,PH,1667676610
406,tyup,42.7276,78.3648,5.34,73,100,1.01,KG,1667676745
407,lagunas,-5.2269,-75.6753,35.05,30,71,0.93,PE,1667676745
408,vila velha,-20.3297,-40.2925,23.97,63,0,8.23,BR,1667676746
409,santa catarina de tepehuanes,25.35,-105.7333,24.74,16,0,3.38,MX,1667676746
410,vanavara,60.34,102.2797,-9.33,96,84,2.75,RU,1667676747
411,fort nelson,58.8053,-122.7002,-12.23,79,100,2.57,CA,1667676622
412,la palma,33.8464,-118.0467,24.34,39,40,2.06,US,1667676747
413,chabahar,25.2919,60.643,26.28,72,100,2.88,IR,1667676747
414,gambo,4.6482,22.2633,20.87,98,48,0.67,CF,1667676748
415,ambilobe,-13.2,49.05,22.15,77,0,2.55,MG,1667676748
416,sola,-13.8833,167.55,24.37,94,70,0.0,VU,1667676749
417,saint-pierre,-21.3393,55.4781,25.87,78,0,2.06,RE,1667676749
418,puerto leguizamo,-0.1934,-74.7819,28.35,61,94,0.65,CO,1667676749
419,mount isa,-20.7333,139.5,23.87,38,3,3.09,AU,1667676750
420,aitape,-3.1374,142.3475,25.15,89,96,1.85,PG,1667676750
421,half moon bay,37.4636,-122.4286,19.38,84,75,2.57,US,1667676751
422,kalabo,-14.97,22.6814,20.41,86,99,1.76,ZM,1667676751
423,flinders,-34.5833,150.8552,14.1,84,5,1.79,AU,1667676751
424,waingapu,-9.6567,120.2641,26.75,76,100,1.41,ID,1667676752
425,ulladulla,-35.35,150.4667,14.81,79,33,1.89,AU,1667676752
426,zhireken,52.8249,117.3076,-13.46,97,32,0.82,RU,1667676752
427,san quintin,30.4833,-115.95,20.53,41,1,4.44,MX,1667676753
428,waitati,-45.75,170.5667,11.56,62,6,1.01,NZ,1667676753
429,katangli,51.7102,143.2326,-3.38,77,100,4.37,RU,1667676754
430,ngunguru,-35.6167,174.5,15.37,72,100,2.93,NZ,1667676754
431,macau,22.2006,113.5461,19.89,94,40,7.2,MO,1667676754
432,fallon,39.4735,-118.7774,15.25,36,100,2.06,US,1667676755
433,arecibo,18.4724,-66.7157,23.7,97,100,7.82,PR,1667676755
434,yumen,40.2833,97.2,3.07,32,100,3.81,CN,1667676755
435,naze,28.3667,129.4833,17.51,67,7,5.51,JP,1667676756
436,rocha,-34.4833,-54.3333,19.8,57,11,6.59,UY,1667676566
437,kupang,-10.1667,123.5833,26.61,82,45,3.08,ID,1667676756
438,harnosand,62.6323,17.9379,6.11,96,100,8.8,SE,1667676756
439,port blair,11.6667,92.75,26.43,72,42,3.33,IN,1667676757
440,imuris,30.7833,-110.8667,21.39,18,2,1.98,MX,1667676757
441,walvis bay,-22.9575,14.5053,16.53,88,100,2.06,NA,1667676757
442,bangolo,7.0069,-7.475,22.02,94,47,0.9,CI,1667676758
443,iracoubo,5.4802,-53.2011,27.4,76,67,3.27,GF,1667676758
444,shimoda,34.6667,138.95,12.28,68,100,5.69,JP,1667676759
445,mezen,65.8522,44.24,2.4,94,100,3.8,RU,1667676759
446,mama,58.3106,112.8986,-5.57,97,100,2.0,RU,1667676759
447,ahipara,-35.1667,173.1667,15.25,66,100,2.62,NZ,1667676760
448,sawakin,19.1059,37.3321,27.76,70,19,3.56,SD,1667676760
449,port keats,-14.25,129.55,28.09,76,50,2.22,AU,1667676760
450,codrington,-38.2667,141.9667,12.27,73,92,4.26,AU,1667676761
451,rincon,32.296,-81.2354,27.75,61,75,5.66,US,1667676398
452,pandan niog,6.2282,120.5631,28.52,73,97,2.25,PH,1667676761
453,marfino,55.7028,37.3822,1.08,80,100,2.0,RU,1667676761
454,mosetse,-20.75,26.65,25.67,43,94,2.77,BW,1667676762
455,tiarei,-17.5333,-149.3333,24.01,93,100,8.31,PF,1667676762
456,tuatapere,-46.1333,167.6833,9.42,62,16,1.57,NZ,1667676762
457,sibolga,1.7427,98.7792,23.75,88,100,1.15,ID,1667676763
458,sokoni,-6.4333,39.55,24.92,81,86,6.38,TZ,1667676763
459,cumpas,29.9833,-109.7833,21.46,18,0,1.21,MX,1667676764
460,nome,64.5011,-165.4064,-13.96,85,0,0.0,US,1667676499
461,tengzhou,35.0771,117.1518,8.26,51,51,2.63,CN,1667676764
462,kant,27.8,79.8,21.3,60,3,2.05,IN,1667676765
463,guerrero negro,27.9769,-114.0611,22.38,33,0,5.15,MX,1667676765
464,sioux lookout,50.1001,-91.917,1.04,69,20,3.6,CA,1667676765
465,lorengau,-2.0226,147.2712,27.22,77,32,0.85,PG,1667676766
466,sabha,27.0377,14.4283,20.25,31,2,3.14,LY,1667676766
467,sainte-marie,-20.8968,55.5496,26.14,84,40,3.6,RE,1667676767
468,bilibino,68.0546,166.4372,-6.02,86,100,4.04,RU,1667676767
469,adrar,20.5022,-10.0711,25.74,10,0,3.25,MR,1667676767
470,payo,-3.7508,103.6372,22.4,98,100,0.82,ID,1667676768
471,killarney,52.05,-9.5167,8.83,95,25,2.9,IE,1667676768
472,grand forks,47.9417,-97.4337,5.99,42,20,7.2,US,1667676659
473,mastic beach,40.7668,-72.8521,23.42,84,75,5.14,US,1667676769
474,forbes,-33.3833,148.0167,9.08,82,100,2.19,AU,1667676769
475,tabou,4.423,-7.3528,25.74,84,85,2.69,CI,1667676769
476,jati,24.3539,68.2671,25.18,64,100,4.01,PK,1667676770
477,altukhovo,52.67,34.36,-1.02,87,20,1.48,RU,1667676770
478,kralendijk,12.15,-68.2667,25.99,89,75,5.14,BQ,1667676657
479,korla,41.7597,86.1469,8.94,36,92,1.74,CN,1667676771
480,saint-augustin,51.226,-58.6502,11.47,75,100,5.07,CA,1667676771
481,edd,13.9297,41.6925,28.46,69,0,6.69,ER,1667676771
482,constitucion,-35.3333,-72.4167,15.82,64,89,5.1,CL,1667676772
483,lipin bor,60.2622,37.9763,-1.32,90,47,2.95,RU,1667676772
484,akdepe,42.0551,59.3788,8.05,52,100,4.96,TM,1667676773
485,mount gambier,-37.8333,140.7667,11.15,72,100,2.14,AU,1667676773
486,hualmay,-11.0964,-77.6139,19.8,69,67,4.76,PE,1667676773
487,la serena,-29.9078,-71.2542,16.74,67,46,2.63,CL,1667676774
488,beira,-19.8436,34.8389,26.05,89,20,3.6,MZ,1667676774
489,namatanai,-3.6667,152.4333,26.43,81,100,1.44,PG,1667676774
490,paamiut,61.994,-49.6678,-0.71,97,100,5.8,GL,1667676775
491,thinadhoo,0.5333,72.9333,27.07,78,66,5.38,MV,1667676775
492,kremze,48.905,14.3057,7.95,93,10,1.26,CZ,1667676616
493,de aar,-30.6497,24.0123,21.1,44,79,6.84,ZA,1667676775
494,greencastle,39.6445,-86.8647,19.65,77,100,11.32,US,1667676776
495,caluquembe,-13.7833,14.6833,15.59,69,97,0.91,AO,1667676776
496,port elizabeth,-33.918,25.5701,20.61,88,0,2.06,ZA,1667676776
497,ostersund,63.1792,14.6357,5.25,100,100,6.17,SE,1667676777
498,lisieux,49.1667,0.1667,11.85,86,100,6.04,FR,1667676777
499,sancti spiritus,21.9297,-79.4425,25.92,67,95,2.88,CU,1667676778
500,uglich,57.5275,38.3317,0.42,81,97,0.99,RU,1667676778
501,sturgeon falls,46.3646,-79.9326,19.94,64,100,7.68,CA,1667676778
502,poopo,-18.3667,-66.9667,20.43,5,0,4.54,BO,1667676779
503,northam,51.0333,-4.2167,9.58,88,0,3.03,GB,1667676779
504,bela,25.9333,81.9833,21.36,58,4,2.19,IN,1667676779
505,linqiong,30.4159,103.4609,15.9,81,91,0.59,CN,1667676780
506,bani,18.2833,-70.3333,28.69,72,23,4.86,DO,1667676780
507,jiazi,22.8779,116.067,19.75,78,100,5.59,CN,1667676780
508,viedma,-40.8135,-62.9967,29.19,22,100,8.9,AR,1667676781
509,srivardhan,18.0333,73.0167,24.33,59,14,2.62,IN,1667676781
510,asyut,27.181,31.1837,20.1,38,100,3.45,EG,1667676781
511,gat,31.61,34.7642,20.78,72,0,1.65,IL,1667676601
512,ruston,32.5232,-92.6379,19.21,55,0,0.0,US,1667676782
513,guayabal,5.031,-74.8868,28.67,72,83,1.15,CO,1667676783
514,tevaitoa,-16.7833,-151.5,24.36,93,100,14.22,PF,1667676783
515,puri,19.8,85.85,24.29,64,0,1.33,IN,1667676783
516,xichang,27.8964,102.2634,10.18,90,0,0.36,CN,1667676784
517,nioro,13.35,-15.75,27.76,27,100,1.04,GM,1667676784
518,abu kamal,34.4506,40.9171,19.54,31,4,2.21,SY,1667676785
519,koslan,63.4564,48.8989,0.68,98,100,3.16,RU,1667676785
520,veinticinco de mayo,-35.4323,-60.1727,26.1,30,8,3.13,AR,1667676785
521,buldana,20.5333,76.1833,19.98,52,0,2.32,IN,1667676786
522,jacqueville,5.2052,-4.4146,26.62,83,99,4.39,CI,1667676786
523,pemberton,50.3164,-122.8027,3.83,75,85,1.72,CA,1667676787
524,mimongo,-1.6195,11.6068,21.17,97,100,0.92,GA,1667676787
525,ridgecrest,35.6225,-117.6709,17.99,24,0,0.89,US,1667676787
526,ketchikan,55.3422,-131.6461,2.26,93,40,0.0,US,1667676788
527,baruun-urt,46.6806,113.2792,-3.58,42,97,1.95,MN,1667676788
528,ulagan,50.6321,87.9563,-5.02,83,52,1.22,RU,1667676789
529,mehamn,71.0357,27.8492,3.95,87,100,4.63,NO,1667676789
530,pringsewu,-5.3582,104.9744,22.71,97,100,1.54,ID,1667676790
531,salisbury,51.0693,-1.7957,14.27,97,100,5.14,GB,1667676598
532,neringa,55.3719,21.0647,11.22,81,100,4.33,LT,1667676790
533,dandong,40.1292,124.3947,2.33,68,0,1.59,CN,1667676791
534,atar,20.5169,-13.0499,26.2,11,0,3.1,MR,1667676791
535,bafq,31.6128,55.4107,17.72,38,11,2.66,IR,1667676792
536,keti bandar,24.1447,67.4497,26.66,65,100,4.01,PK,1667676792
537,acari,-15.4311,-74.6158,24.26,49,0,4.53,PE,1667676793
538,aykhal,66.0,111.5,-18.72,100,100,1.59,RU,1667676793
539,sri aman,1.2376,111.4621,23.03,100,100,0.0,MY,1667676794
540,puerto ayacucho,5.6639,-67.6236,29.05,64,96,2.32,VE,1667676794
541,benavente,42.0025,-5.6783,10.92,57,49,0.45,ES,1667676795
542,belaya gora,68.5333,146.4167,-20.33,99,100,2.51,RU,1667676795
543,trairi,-3.2778,-39.2689,28.3,68,78,6.17,BR,1667676497
544,san cristobal,7.7669,-72.225,25.1,78,100,1.86,VE,1667676795
545,manhattan,40.7834,-73.9662,26.03,66,75,7.2,US,1667676796
546,somerset,40.5668,-74.5496,27.3,54,75,5.14,US,1667676533
547,puerto madero,14.7208,-92.4215,31.11,79,40,5.14,MX,1667676796
548,atlantic city,39.3643,-74.4229,25.57,73,0,4.63,US,1667676733
549,la tuque,47.4334,-72.7824,20.14,52,100,4.12,CA,1667676750
550,iturama,-19.7281,-50.1956,28.18,29,17,1.07,BR,1667676797
551,nong phai,15.9903,101.0618,19.99,79,42,2.08,TH,1667676797
552,kuzhenkino,57.7611,33.9508,-1.91,94,35,2.37,RU,1667676798
553,san rafael,-34.6177,-68.3301,30.3,14,83,6.3,AR,1667676640
554,sao filipe,14.8961,-24.4956,26.56,65,100,3.05,CV,1667676798
555,general roca,-39.0333,-67.5833,34.79,11,81,7.03,AR,1667676799
